_id,barcode,batch_id,shift_id,place_id,quality_status,defect_type,manufacturing_date,operator_id,operator_name,timestamp,product_id
6863f04bde50757c26707e06,1120106250013,a,A,Bangalore,,,01-06-2025,OP3,John,01-06-2025 09:44,AABAN010625001
6863f04bde50757c26707e07,1120106250020,a,A,Bangalore,,,01-06-2025,OP2,Priya,01-06-2025 10:04,AABAN010625002
6863f04bde50757c26707e08,1120106250037,a,A,Bangalore,,,01-06-2025,OP4,Anita,01-06-2025 10:23,AABAN010625003
6863f04bde50757c26707e09,1120106250044,a,A,Bangalore,,,01-06-2025,OP3,John,01-06-2025 09:43,AABAN010625004
6863f04bde50757c26707e0a,1130106250050,a,A,Hyderabad,,,01-06-2025,OP3,John,01-06-2025 08:59,AAHYD010625005
6863f04bde50757c26707e0b,1130106250067,a,A,Hyderabad,,,01-06-2025,OP2,Priya,01-06-2025 08:19,AAHYD010625006
6863f04bde50757c26707e0c,1120106250075,a,A,Bangalore,,,01-06-2025,OP2,Priya,01-06-2025 09:49,AABAN010625007
6863f04bde50757c26707e0d,1110106250083,a,A,Chennai,,,01-06-2025,OP5,Sneha,01-06-2025 08:28,AACHE010625008
6863f04bde50757c26707e0e,1130106250098,a,A,Hyderabad,,,01-06-2025,OP2,Priya,01-06-2025 10:44,AAHYD010625009
6863f04bde50757c26707e0f,1120106250105,a,A,Bangalore,,,01-06-2025,OP1,Ravi,01-06-2025 10:07,AABAN010625010
6863f04bde50757c26707e10,1210106250110,a,B,Chennai,,,01-06-2025,OP5,Sneha,01-06-2025 12:06,ABCHE010625011
6863f04bde50757c26707e11,1210106250127,a,B,Chennai,,,01-06-2025,OP3,John,01-06-2025 14:13,ABCHE010625012
6863f04bde50757c26707e12,1220106250133,a,B,Bangalore,,,01-06-2025,OP3,John,01-06-2025 13:48,ABBAN010625013
6863f04bde50757c26707e13,1220106250140,a,B,Bangalore,,,01-06-2025,OP5,Sneha,01-06-2025 14:06,ABBAN010625014
6863f04bde50757c26707e14,1230106250156,a,B,Hyderabad,,,01-06-2025,OP4,Anita,01-06-2025 12:43,ABHYD010625015
6863f04bde50757c26707e15,1220106250164,a,B,Bangalore,,,01-06-2025,OP4,Anita,01-06-2025 12:59,ABBAN010625016
6863f04bde50757c26707e16,1220106250171,a,B,Bangalore,,,01-06-2025,OP3,John,01-06-2025 13:55,ABBAN010625017
6863f04bde50757c26707e17,1210106250189,a,B,Chennai,,,01-06-2025,OP4,Anita,01-06-2025 12:22,ABCHE010625018
6863f04bde50757c26707e18,1220106250195,a,B,Bangalore,,,01-06-2025,OP4,Anita,01-06-2025 14:14,ABBAN010625019
6863f04bde50757c26707e19,1230106250200,a,B,Hyderabad,,,01-06-2025,OP4,Anita,01-06-2025 13:20,ABHYD010625020
6863f04bde50757c26707e1a,1310106250216,a,C,Chennai,,,01-06-2025,OP4,Anita,01-06-2025 18:28,ACCHE010625021
6863f04bde50757c26707e1b,1310106250223,a,C,Chennai,,,01-06-2025,OP5,Sneha,01-06-2025 18:10,ACCHE010625022
6863f04bde50757c26707e1c,1310106250230,a,C,Chennai,,,01-06-2025,OP1,Ravi,01-06-2025 18:01,ACCHE010625023
6863f04bde50757c26707e1d,1310106250247,a,C,Chennai,,,01-06-2025,OP3,John,01-06-2025 18:28,ACCHE010625024
6863f04bde50757c26707e1e,1320106250253,a,C,Bangalore,,,01-06-2025,OP3,John,01-06-2025 18:38,ACBAN010625025
6863f04bde50757c26707e1f,1330106250269,a,C,Hyderabad,,,01-06-2025,OP3,John,01-06-2025 17:45,ACHYD010625026
6863f04bde50757c26707e20,1330106250276,a,C,Hyderabad,,,01-06-2025,OP2,Priya,01-06-2025 19:20,ACHYD010625027
6863f04bde50757c26707e21,1320106250284,a,C,Bangalore,,,01-06-2025,OP4,Anita,01-06-2025 19:37,ACBAN010625028
6863f04bde50757c26707e22,1310106250292,a,C,Chennai,,,01-06-2025,OP4,Anita,01-06-2025 17:08,ACCHE010625029
6863f04bde50757c26707e23,1320106250307,a,C,Bangalore,,,01-06-2025,OP3,John,01-06-2025 19:46,ACBAN010625030
6863f04bde50757c26707e24,2120206250318,b,A,Bangalore,,,02-06-2025,OP3,John,02-06-2025 09:27,BABAN020625031
6863f04bde50757c26707e25,2110206250326,b,A,Chennai,,,02-06-2025,OP5,Sneha,02-06-2025 10:21,BACHE020625032
6863f04bde50757c26707e26,2110206250333,b,A,Chennai,,,02-06-2025,OP4,Anita,02-06-2025 08:45,BACHE020625033
6863f04bde50757c26707e27,2110206250340,b,A,Chennai,,,02-06-2025,OP3,John,02-06-2025 09:56,BACHE020625034
6863f04bde50757c26707e28,2110206250357,b,A,Chennai,,,02-06-2025,OP1,Ravi,02-06-2025 08:54,BACHE020625035
6863f04bde50757c26707e29,2130206250362,b,A,Hyderabad,,,02-06-2025,OP1,Ravi,02-06-2025 10:54,BAHYD020625036
6863f04bde50757c26707e2a,2120206250370,b,A,Bangalore,,,02-06-2025,OP4,Anita,02-06-2025 09:35,BABAN020625037
6863f04bde50757c26707e2b,2130206250386,b,A,Hyderabad,,,02-06-2025,OP5,Sneha,02-06-2025 10:43,BAHYD020625038
6863f04bde50757c26707e2c,2110206250395,b,A,Chennai,,,02-06-2025,OP2,Priya,02-06-2025 10:26,BACHE020625039
6863f04bde50757c26707e2d,2110206250401,b,A,Chennai,,,02-06-2025,OP5,Sneha,02-06-2025 10:45,BACHE020625040
6863f04bde50757c26707e2e,2210206250415,b,B,Chennai,,,02-06-2025,OP1,Ravi,02-06-2025 14:28,BBCHE020625041
6863f04bde50757c26707e2f,2220206250421,b,B,Bangalore,,,02-06-2025,OP4,Anita,02-06-2025 14:49,BBBAN020625042
6863f04bde50757c26707e30,2230206250437,b,B,Hyderabad,,,02-06-2025,OP3,John,02-06-2025 12:58,BBHYD020625043
6863f04bde50757c26707e31,2210206250446,b,B,Chennai,,,02-06-2025,OP1,Ravi,02-06-2025 13:43,BBCHE020625044
6863f04bde50757c26707e32,2230206250451,b,B,Hyderabad,,,02-06-2025,OP3,John,02-06-2025 13:56,BBHYD020625045
6863f04bde50757c26707e33,2230206250468,b,B,Hyderabad,,,02-06-2025,OP2,Priya,02-06-2025 13:00,BBHYD020625046
6863f04bde50757c26707e34,2220206250476,b,B,Bangalore,,,02-06-2025,OP4,Anita,02-06-2025 14:31,BBBAN020625047
6863f04bde50757c26707e35,2210206250484,b,B,Chennai,,,02-06-2025,OP5,Sneha,02-06-2025 13:15,BBCHE020625048
6863f04bde50757c26707e36,2210206250491,b,B,Chennai,,,02-06-2025,OP5,Sneha,02-06-2025 12:16,BBCHE020625049
6863f04bde50757c26707e37,2220206250506,b,B,Bangalore,,,02-06-2025,OP1,Ravi,02-06-2025 14:57,BBBAN020625050
6863f04bde50757c26707e38,2320206250510,b,C,Bangalore,,,02-06-2025,OP2,Priya,02-06-2025 18:45,BCBAN020625051
6863f04bde50757c26707e39,2320206250527,b,C,Bangalore,,,02-06-2025,OP4,Anita,02-06-2025 17:18,BCBAN020625052
6863f04bde50757c26707e3a,2320206250534,b,C,Bangalore,,,02-06-2025,OP4,Anita,02-06-2025 18:11,BCBAN020625053
6863f04bde50757c26707e3b,2330206250540,b,C,Hyderabad,,,02-06-2025,OP4,Anita,02-06-2025 17:22,BCHYD020625054
6863f04bde50757c26707e3c,2330206250557,b,C,Hyderabad,,,02-06-2025,OP1,Ravi,02-06-2025 17:58,BCHYD020625055
6863f04bde50757c26707e3d,2330206250564,b,C,Hyderabad,,,02-06-2025,OP1,Ravi,02-06-2025 19:01,BCHYD020625056
6863f04bde50757c26707e3e,2330206250571,b,C,Hyderabad,,,02-06-2025,OP5,Sneha,02-06-2025 18:17,BCHYD020625057
6863f04bde50757c26707e3f,2310206250580,b,C,Chennai,,,02-06-2025,OP2,Priya,02-06-2025 17:18,BCCHE020625058
6863f04bde50757c26707e40,2310206250597,b,C,Chennai,,,02-06-2025,OP5,Sneha,02-06-2025 18:25,BCCHE020625059
6863f04bde50757c26707e41,2320206250602,b,C,Bangalore,,,02-06-2025,OP2,Priya,02-06-2025 19:38,BCBAN020625060
6863f04bde50757c26707e42,3120306250613,c,A,Bangalore,,,03-06-2025,OP5,Sneha,03-06-2025 10:04,CABAN030625061
6863f04bde50757c26707e43,3130306250629,c,A,Hyderabad,,,03-06-2025,OP3,John,03-06-2025 10:38,CAHYD030625062
6863f04bde50757c26707e44,3130306250636,c,A,Hyderabad,,,03-06-2025,OP4,Anita,03-06-2025 09:29,CAHYD030625063
6863f04bde50757c26707e45,3130306250643,c,A,Hyderabad,,,03-06-2025,OP2,Priya,03-06-2025 10:17,CAHYD030625064
6863f04bde50757c26707e46,3120306250651,c,A,Bangalore,,,03-06-2025,OP3,John,03-06-2025 08:56,CABAN030625065
6863f04bde50757c26707e47,3120306250668,c,A,Bangalore,,,03-06-2025,OP3,John,03-06-2025 10:29,CABAN030625066
6863f04bde50757c26707e48,3130306250674,c,A,Hyderabad,,,03-06-2025,OP3,John,03-06-2025 09:10,CAHYD030625067
6863f04bde50757c26707e49,3120306250682,c,A,Bangalore,,,03-06-2025,OP5,Sneha,03-06-2025 08:47,CABAN030625068
6863f04bde50757c26707e4a,3120306250699,c,A,Bangalore,,,03-06-2025,OP4,Anita,03-06-2025 09:39,CABAN030625069
6863f04bde50757c26707e4b,3120306250705,c,A,Bangalore,,,03-06-2025,OP2,Priya,03-06-2025 10:31,CABAN030625070
6863f04bde50757c26707e4c,3220306250719,c,B,Bangalore,,,03-06-2025,OP2,Priya,03-06-2025 14:18,CBBAN030625071
6863f04bde50757c26707e4d,3220306250726,c,B,Bangalore,,,03-06-2025,OP3,John,03-06-2025 14:05,CBBAN030625072
6863f04bde50757c26707e4e,3210306250734,c,B,Chennai,,,03-06-2025,OP2,Priya,03-06-2025 14:48,CBCHE030625073
6863f04bde50757c26707e4f,3220306250740,c,B,Bangalore,,,03-06-2025,OP1,Ravi,03-06-2025 14:32,CBBAN030625074
6863f04bde50757c26707e50,3220306250757,c,B,Bangalore,,,03-06-2025,OP2,Priya,03-06-2025 12:47,CBBAN030625075
6863f04bde50757c26707e51,3220306250764,c,B,Bangalore,,,03-06-2025,OP2,Priya,03-06-2025 14:51,CBBAN030625076
6863f04bde50757c26707e52,3210306250772,c,B,Chennai,,,03-06-2025,OP3,John,03-06-2025 14:38,CBCHE030625077
6863f04bde50757c26707e53,3220306250788,c,B,Bangalore,,,03-06-2025,OP5,Sneha,03-06-2025 14:22,CBBAN030625078
6863f04bde50757c26707e54,3210306250796,c,B,Chennai,,,03-06-2025,OP1,Ravi,03-06-2025 12:59,CBCHE030625079
6863f04bde50757c26707e55,3230306250800,c,B,Hyderabad,,,03-06-2025,OP4,Anita,03-06-2025 14:12,CBHYD030625080
6863f04bde50757c26707e56,3330306250814,c,C,Hyderabad,,,03-06-2025,OP1,Ravi,03-06-2025 18:44,CCHYD030625081
6863f04bde50757c26707e57,3330306250821,c,C,Hyderabad,,,03-06-2025,OP1,Ravi,03-06-2025 18:25,CCHYD030625082
6863f04bde50757c26707e58,3310306250830,c,C,Chennai,,,03-06-2025,OP2,Priya,03-06-2025 19:14,CCCHE030625083
6863f04bde50757c26707e59,3320306250846,c,C,Bangalore,,,03-06-2025,OP5,Sneha,03-06-2025 17:49,CCBAN030625084
6863f04bde50757c26707e5a,3330306250852,c,C,Hyderabad,,,03-06-2025,OP2,Priya,03-06-2025 19:59,CCHYD030625085
6863f04bde50757c26707e5b,3330306250869,c,C,Hyderabad,,,03-06-2025,OP2,Priya,03-06-2025 19:21,CCHYD030625086
6863f04bde50757c26707e5c,3320306250877,c,C,Bangalore,,,03-06-2025,OP2,Priya,03-06-2025 17:42,CCBAN030625087
6863f04bde50757c26707e5d,3320306250884,c,C,Bangalore,,,03-06-2025,OP4,Anita,03-06-2025 17:46,CCBAN030625088
6863f04bde50757c26707e5e,3320306250891,c,C,Bangalore,,,03-06-2025,OP1,Ravi,03-06-2025 18:36,CCBAN030625089
6863f04bde50757c26707e5f,3310306250908,c,C,Chennai,,,03-06-2025,OP3,John,03-06-2025 19:10,CCCHE030625090
6863f04bde50757c26707e60,4110406250919,d,A,Chennai,,,04-06-2025,OP3,John,04-06-2025 09:37,DACHE040625091
6863f04bde50757c26707e61,4120406250925,d,A,Bangalore,,,04-06-2025,OP5,Sneha,04-06-2025 10:45,DABAN040625092
6863f04bde50757c26707e62,4110406250933,d,A,Chennai,,,04-06-2025,OP5,Sneha,04-06-2025 10:52,DACHE040625093
6863f04bde50757c26707e63,4130406250948,d,A,Hyderabad,,,04-06-2025,OP1,Ravi,04-06-2025 09:31,DAHYD040625094
6863f04bde50757c26707e64,4120406250956,d,A,Bangalore,,,04-06-2025,OP3,John,04-06-2025 10:40,DABAN040625095
6863f04bde50757c26707e65,4120406250963,d,A,Bangalore,,,04-06-2025,OP4,Anita,04-06-2025 09:15,DABAN040625096
6863f04bde50757c26707e66,4130406250979,d,A,Hyderabad,,,04-06-2025,OP2,Priya,04-06-2025 08:32,DAHYD040625097
6863f04bde50757c26707e67,4110406250988,d,A,Chennai,,,04-06-2025,OP4,Anita,04-06-2025 10:09,DACHE040625098
6863f04bde50757c26707e68,4120406250994,d,A,Bangalore,,,04-06-2025,OP4,Anita,04-06-2025 08:02,DABAN040625099
6863f04bde50757c26707e69,4130406251006,d,A,Hyderabad,,,04-06-2025,OP3,John,04-06-2025 08:57,DAHYD040625100
6863f04bde50757c26707e6a,4210406251012,d,B,Chennai,,,04-06-2025,OP1,Ravi,04-06-2025 12:35,DBCHE040625101
6863f04bde50757c26707e6b,4220406251028,d,B,Bangalore,,,04-06-2025,OP4,Anita,04-06-2025 12:07,DBBAN040625102
6863f04bde50757c26707e6c,4230406251034,d,B,Hyderabad,,,04-06-2025,OP4,Anita,04-06-2025 12:57,DBHYD040625103
6863f04bde50757c26707e6d,4230406251041,d,B,Hyderabad,,,04-06-2025,OP5,Sneha,04-06-2025 13:22,DBHYD040625104
6863f04bde50757c26707e6e,4220406251059,d,B,Bangalore,,,04-06-2025,OP2,Priya,04-06-2025 13:37,DBBAN040625105
6863f04bde50757c26707e6f,4220406251066,d,B,Bangalore,,,04-06-2025,OP3,John,04-06-2025 13:20,DBBAN040625106
6863f04bde50757c26707e70,4220406251073,d,B,Bangalore,,,04-06-2025,OP4,Anita,04-06-2025 13:05,DBBAN040625107
6863f04bde50757c26707e71,4220406251080,d,B,Bangalore,,,04-06-2025,OP1,Ravi,04-06-2025 13:36,DBBAN040625108
6863f04bde50757c26707e72,4220406251097,d,B,Bangalore,,,04-06-2025,OP3,John,04-06-2025 13:01,DBBAN040625109
6863f04bde50757c26707e73,4210406251104,d,B,Chennai,,,04-06-2025,OP1,Ravi,04-06-2025 13:38,DBCHE040625110
6863f04bde50757c26707e74,4310406251118,d,C,Chennai,,,04-06-2025,OP2,Priya,04-06-2025 17:32,DCCHE040625111
6863f04bde50757c26707e75,4330406251123,d,C,Hyderabad,,,04-06-2025,OP5,Sneha,04-06-2025 18:33,DCHYD040625112
6863f04bde50757c26707e76,4310406251132,d,C,Chennai,,,04-06-2025,OP5,Sneha,04-06-2025 18:22,DCCHE040625113
6863f04bde50757c26707e77,4310406251149,d,C,Chennai,,,04-06-2025,OP4,Anita,04-06-2025 18:27,DCCHE040625114
6863f04bde50757c26707e78,4310406251156,d,C,Chennai,,,04-06-2025,OP5,Sneha,04-06-2025 18:05,DCCHE040625115
6863f04bde50757c26707e79,4330406251161,d,C,Hyderabad,,,04-06-2025,OP4,Anita,04-06-2025 17:01,DCHYD040625116
6863f04bde50757c26707e7a,4330406251178,d,C,Hyderabad,,,04-06-2025,OP2,Priya,04-06-2025 17:20,DCHYD040625117
6863f04bde50757c26707e7b,4330406251185,d,C,Hyderabad,,,04-06-2025,OP2,Priya,04-06-2025 17:19,DCHYD040625118
6863f04bde50757c26707e7c,4330406251192,d,C,Hyderabad,,,04-06-2025,OP2,Priya,04-06-2025 17:58,DCHYD040625119
6863f04bde50757c26707e7d,4320406251209,d,C,Bangalore,,,04-06-2025,OP4,Anita,04-06-2025 18:52,DCBAN040625120
6863f04bde50757c26707e7e,5120506251210,e,A,Bangalore,,,05-06-2025,OP2,Priya,05-06-2025 08:17,EABAN050625121
6863f04bde50757c26707e7f,5130506251226,e,A,Hyderabad,,,05-06-2025,OP3,John,05-06-2025 08:21,EAHYD050625122
6863f04bde50757c26707e80,5110506251235,e,A,Chennai,,,05-06-2025,OP2,Priya,05-06-2025 09:13,EACHE050625123
6863f04bde50757c26707e81,5120506251241,e,A,Bangalore,,,05-06-2025,OP3,John,05-06-2025 08:31,EABAN050625124
6863f04bde50757c26707e82,5130506251257,e,A,Hyderabad,,,05-06-2025,OP1,Ravi,05-06-2025 10:52,EAHYD050625125
6863f04bde50757c26707e83,5120506251265,e,A,Bangalore,,,05-06-2025,OP1,Ravi,05-06-2025 08:59,EABAN050625126
6863f04bde50757c26707e84,5130506251271,e,A,Hyderabad,,,05-06-2025,OP4,Anita,05-06-2025 08:15,EAHYD050625127
6863f04bde50757c26707e85,5110506251280,e,A,Chennai,,,05-06-2025,OP1,Ravi,05-06-2025 09:02,EACHE050625128
6863f04bde50757c26707e86,5120506251296,e,A,Bangalore,,,05-06-2025,OP4,Anita,05-06-2025 10:34,EABAN050625129
6863f04bde50757c26707e87,5130506251301,e,A,Hyderabad,,,05-06-2025,OP5,Sneha,05-06-2025 10:27,EAHYD050625130
6863f04bde50757c26707e88,5210506251317,e,B,Chennai,,,05-06-2025,OP2,Priya,05-06-2025 13:16,EBCHE050625131
6863f04bde50757c26707e89,5220506251323,e,B,Bangalore,,,05-06-2025,OP4,Anita,05-06-2025 14:56,EBBAN050625132
6863f04bde50757c26707e8a,5220506251330,e,B,Bangalore,,,05-06-2025,OP5,Sneha,05-06-2025 13:27,EBBAN050625133
6863f04bde50757c26707e8b,5230506251346,e,B,Hyderabad,,,05-06-2025,OP3,John,05-06-2025 12:22,EBHYD050625134
6863f04bde50757c26707e8c,5230506251353,e,B,Hyderabad,,,05-06-2025,OP3,John,05-06-2025 14:12,EBHYD050625135
6863f04bde50757c26707e8d,5230506251360,e,B,Hyderabad,,,05-06-2025,OP2,Priya,05-06-2025 12:48,EBHYD050625136
6863f04bde50757c26707e8e,5210506251379,e,B,Chennai,,,05-06-2025,OP2,Priya,05-06-2025 12:06,EBCHE050625137
6863f04bde50757c26707e8f,5210506251386,e,B,Chennai,,,05-06-2025,OP1,Ravi,05-06-2025 12:54,EBCHE050625138
6863f04bde50757c26707e90,5210506251393,e,B,Chennai,,,05-06-2025,OP2,Priya,05-06-2025 12:05,EBCHE050625139
6863f04bde50757c26707e91,5210506251409,e,B,Chennai,,,05-06-2025,OP5,Sneha,05-06-2025 14:01,EBCHE050625140
6863f04bde50757c26707e92,5320506251412,e,C,Bangalore,,,05-06-2025,OP4,Anita,05-06-2025 18:08,ECBAN050625141
6863f04bde50757c26707e93,5320506251429,e,C,Bangalore,,,05-06-2025,OP5,Sneha,05-06-2025 17:01,ECBAN050625142
6863f04bde50757c26707e94,5310506251437,e,C,Chennai,,,05-06-2025,OP4,Anita,05-06-2025 17:34,ECCHE050625143
6863f04bde50757c26707e95,5310506251444,e,C,Chennai,,,05-06-2025,OP4,Anita,05-06-2025 19:06,ECCHE050625144
6863f04bde50757c26707e96,5310506251451,e,C,Chennai,,,05-06-2025,OP5,Sneha,05-06-2025 18:13,ECCHE050625145
6863f04bde50757c26707e97,5310506251468,e,C,Chennai,,,05-06-2025,OP1,Ravi,05-06-2025 17:40,ECCHE050625146
6863f04bde50757c26707e98,5330506251473,e,C,Hyderabad,,,05-06-2025,OP2,Priya,05-06-2025 17:44,ECHYD050625147
6863f04bde50757c26707e99,5320506251481,e,C,Bangalore,,,05-06-2025,OP5,Sneha,05-06-2025 19:51,ECBAN050625148
6863f04bde50757c26707e9a,5320506251498,e,C,Bangalore,,,05-06-2025,OP1,Ravi,05-06-2025 18:27,ECBAN050625149
6863f04bde50757c26707e9b,5320506251504,e,C,Bangalore,,,05-06-2025,OP2,Priya,05-06-2025 17:10,ECBAN050625150
6863f04bde50757c26707e9c,6130606251514,f,A,Hyderabad,,,06-06-2025,OP5,Sneha,06-06-2025 10:39,FAHYD060625151
6863f04bde50757c26707e9d,6130606251521,f,A,Hyderabad,,,06-06-2025,OP1,Ravi,06-06-2025 09:36,FAHYD060625152
6863f04bde50757c26707e9e,6110606251530,f,A,Chennai,,,06-06-2025,OP1,Ravi,06-06-2025 09:08,FACHE060625153
6863f04bde50757c26707e9f,6130606251545,f,A,Hyderabad,,,06-06-2025,OP3,John,06-06-2025 08:23,FAHYD060625154
6863f04bde50757c26707ea0,6110606251554,f,A,Chennai,,,06-06-2025,OP2,Priya,06-06-2025 10:42,FACHE060625155
6863f04bde50757c26707ea1,6110606251561,f,A,Chennai,,,06-06-2025,OP5,Sneha,06-06-2025 08:24,FACHE060625156
6863f04bde50757c26707ea2,6110606251578,f,A,Chennai,,,06-06-2025,OP2,Priya,06-06-2025 10:48,FACHE060625157
6863f04bde50757c26707ea3,6110606251585,f,A,Chennai,,,06-06-2025,OP2,Priya,06-06-2025 10:02,FACHE060625158
6863f04bde50757c26707ea4,6130606251590,f,A,Hyderabad,,,06-06-2025,OP2,Priya,06-06-2025 08:16,FAHYD060625159
6863f04bde50757c26707ea5,6130606251606,f,A,Hyderabad,,,06-06-2025,OP3,John,06-06-2025 09:51,FAHYD060625160
6863f04bde50757c26707ea6,6230606251610,f,B,Hyderabad,,,06-06-2025,OP5,Sneha,06-06-2025 13:46,FBHYD060625161
6863f04bde50757c26707ea7,6220606251628,f,B,Bangalore,,,06-06-2025,OP4,Anita,06-06-2025 14:12,FBBAN060625162
6863f04bde50757c26707ea8,6230606251634,f,B,Hyderabad,,,06-06-2025,OP4,Anita,06-06-2025 14:47,FBHYD060625163
6863f04bde50757c26707ea9,6220606251642,f,B,Bangalore,,,06-06-2025,OP5,Sneha,06-06-2025 14:52,FBBAN060625164
6863f04bde50757c26707eaa,6230606251658,f,B,Hyderabad,,,06-06-2025,OP1,Ravi,06-06-2025 14:06,FBHYD060625165
6863f04bde50757c26707eab,6210606251667,f,B,Chennai,,,06-06-2025,OP4,Anita,06-06-2025 12:01,FBCHE060625166
6863f04bde50757c26707eac,6220606251673,f,B,Bangalore,,,06-06-2025,OP1,Ravi,06-06-2025 14:21,FBBAN060625167
6863f04bde50757c26707ead,6230606251689,f,B,Hyderabad,,,06-06-2025,OP1,Ravi,06-06-2025 12:34,FBHYD060625168
6863f04bde50757c26707eae,6230606251696,f,B,Hyderabad,,,06-06-2025,OP4,Anita,06-06-2025 13:54,FBHYD060625169
6863f04bde50757c26707eaf,6230606251702,f,B,Hyderabad,,,06-06-2025,OP5,Sneha,06-06-2025 13:56,FBHYD060625170
6863f04bde50757c26707eb0,6310606251718,f,C,Chennai,,,06-06-2025,OP3,John,06-06-2025 17:36,FCCHE060625171
6863f04bde50757c26707eb1,6310606251725,f,C,Chennai,,,06-06-2025,OP2,Priya,06-06-2025 19:08,FCCHE060625172
6863f04bde50757c26707eb2,6310606251732,f,C,Chennai,,,06-06-2025,OP5,Sneha,06-06-2025 19:00,FCCHE060625173
6863f04bde50757c26707eb3,6330606251747,f,C,Hyderabad,,,06-06-2025,OP2,Priya,06-06-2025 18:25,FCHYD060625174
6863f04bde50757c26707eb4,6320606251755,f,C,Bangalore,,,06-06-2025,OP3,John,06-06-2025 17:37,FCBAN060625175
6863f04bde50757c26707eb5,6310606251763,f,C,Chennai,,,06-06-2025,OP1,Ravi,06-06-2025 17:02,FCCHE060625176
6863f04bde50757c26707eb6,6330606251778,f,C,Hyderabad,,,06-06-2025,OP1,Ravi,06-06-2025 19:50,FCHYD060625177
6863f04bde50757c26707eb7,6320606251786,f,C,Bangalore,,,06-06-2025,OP3,John,06-06-2025 17:41,FCBAN060625178
6863f04bde50757c26707eb8,6330606251792,f,C,Hyderabad,,,06-06-2025,OP1,Ravi,06-06-2025 19:45,FCHYD060625179
6863f04bde50757c26707eb9,6330606251808,f,C,Hyderabad,,,06-06-2025,OP4,Anita,06-06-2025 17:49,FCHYD060625180
6863f04bde50757c26707eba,7130706251819,g,A,Hyderabad,,,07-06-2025,OP5,Sneha,07-06-2025 08:37,GAHYD070625181
6863f04bde50757c26707ebb,7120706251827,g,A,Bangalore,,,07-06-2025,OP3,John,07-06-2025 10:54,GABAN070625182
6863f04bde50757c26707ebc,7130706251833,g,A,Hyderabad,,,07-06-2025,OP2,Priya,07-06-2025 08:56,GAHYD070625183
6863f04bde50757c26707ebd,7120706251841,g,A,Bangalore,,,07-06-2025,OP5,Sneha,07-06-2025 09:33,GABAN070625184
6863f04bde50757c26707ebe,7130706251857,g,A,Hyderabad,,,07-06-2025,OP3,John,07-06-2025 09:18,GAHYD070625185
6863f04bde50757c26707ebf,7120706251865,g,A,Bangalore,,,07-06-2025,OP5,Sneha,07-06-2025 09:09,GABAN070625186
6863f04bde50757c26707ec0,7110706251873,g,A,Chennai,,,07-06-2025,OP4,Anita,07-06-2025 08:11,GACHE070625187
6863f04bde50757c26707ec1,7110706251880,g,A,Chennai,,,07-06-2025,OP2,Priya,07-06-2025 10:21,GACHE070625188
6863f04bde50757c26707ec2,7120706251896,g,A,Bangalore,,,07-06-2025,OP1,Ravi,07-06-2025 08:00,GABAN070625189
6863f04bde50757c26707ec3,7120706251902,g,A,Bangalore,,,07-06-2025,OP1,Ravi,07-06-2025 09:39,GABAN070625190
6863f04bde50757c26707ec4,7230706251915,g,B,Hyderabad,,,07-06-2025,OP1,Ravi,07-06-2025 14:18,GBHYD070625191
6863f04bde50757c26707ec5,7210706251924,g,B,Chennai,,,07-06-2025,OP4,Anita,07-06-2025 14:40,GBCHE070625192
6863f04bde50757c26707ec6,7210706251931,g,B,Chennai,,,07-06-2025,OP1,Ravi,07-06-2025 13:11,GBCHE070625193
6863f04bde50757c26707ec7,7210706251948,g,B,Chennai,,,07-06-2025,OP4,Anita,07-06-2025 14:32,GBCHE070625194
6863f04bde50757c26707ec8,7230706251953,g,B,Hyderabad,,,07-06-2025,OP3,John,07-06-2025 12:14,GBHYD070625195
6863f04bde50757c26707ec9,7220706251961,g,B,Bangalore,,,07-06-2025,OP2,Priya,07-06-2025 14:45,GBBAN070625196
6863f04bde50757c26707eca,7230706251977,g,B,Hyderabad,,,07-06-2025,OP3,John,07-06-2025 13:31,GBHYD070625197
6863f04bde50757c26707ecb,7220706251985,g,B,Bangalore,,,07-06-2025,OP5,Sneha,07-06-2025 13:45,GBBAN070625198
6863f04bde50757c26707ecc,7230706251991,g,B,Hyderabad,,,07-06-2025,OP5,Sneha,07-06-2025 12:10,GBHYD070625199
6863f04bde50757c26707ecd,7220706252005,g,B,Bangalore,,,07-06-2025,OP1,Ravi,07-06-2025 14:40,GBBAN070625200
6863f04bde50757c26707ece,7320706252019,g,C,Bangalore,,,07-06-2025,OP2,Priya,07-06-2025 17:33,GCBAN070625201
6863f04bde50757c26707ecf,7310706252027,g,C,Chennai,,,07-06-2025,OP5,Sneha,07-06-2025 18:05,GCCHE070625202
6863f04bde50757c26707ed0,7310706252034,g,C,Chennai,,,07-06-2025,OP2,Priya,07-06-2025 17:49,GCCHE070625203
6863f04bde50757c26707ed1,7320706252040,g,C,Bangalore,,,07-06-2025,OP3,John,07-06-2025 17:10,GCBAN070625204
6863f04bde50757c26707ed2,7310706252058,g,C,Chennai,,,07-06-2025,OP1,Ravi,07-06-2025 19:07,GCCHE070625205
6863f04bde50757c26707ed3,7310706252065,g,C,Chennai,,,07-06-2025,OP5,Sneha,07-06-2025 18:11,GCCHE070625206
6863f04bde50757c26707ed4,7330706252070,g,C,Hyderabad,,,07-06-2025,OP5,Sneha,07-06-2025 18:11,GCHYD070625207
6863f04bde50757c26707ed5,7320706252088,g,C,Bangalore,,,07-06-2025,OP4,Anita,07-06-2025 17:15,GCBAN070625208
6863f04bde50757c26707ed6,7330706252094,g,C,Hyderabad,,,07-06-2025,OP3,John,07-06-2025 19:36,GCHYD070625209
6863f04bde50757c26707ed7,7320706252101,g,C,Bangalore,,,07-06-2025,OP4,Anita,07-06-2025 19:43,GCBAN070625210
6863f04bde50757c26707ed8,8130806252111,h,A,Hyderabad,,,08-06-2025,OP2,Priya,08-06-2025 10:24,HAHYD080625211
6863f04bde50757c26707ed9,8120806252129,h,A,Bangalore,,,08-06-2025,OP2,Priya,08-06-2025 10:39,HABAN080625212
6863f04bde50757c26707eda,8130806252135,h,A,Hyderabad,,,08-06-2025,OP2,Priya,08-06-2025 09:45,HAHYD080625213
6863f04bde50757c26707edb,8110806252144,h,A,Chennai,,,08-06-2025,OP4,Anita,08-06-2025 10:44,HACHE080625214
6863f04bde50757c26707edc,8120806252150,h,A,Bangalore,,,08-06-2025,OP3,John,08-06-2025 10:46,HABAN080625215
6863f04bde50757c26707edd,8110806252168,h,A,Chennai,,,08-06-2025,OP2,Priya,08-06-2025 08:33,HACHE080625216
6863f04bde50757c26707ede,8110806252175,h,A,Chennai,,,08-06-2025,OP2,Priya,08-06-2025 09:18,HACHE080625217
6863f04bde50757c26707edf,8130806252180,h,A,Hyderabad,,,08-06-2025,OP1,Ravi,08-06-2025 08:40,HAHYD080625218
6863f04bde50757c26707ee0,8110806252199,h,A,Chennai,,,08-06-2025,OP3,John,08-06-2025 09:10,HACHE080625219
6863f04bde50757c26707ee1,8110806252205,h,A,Chennai,,,08-06-2025,OP3,John,08-06-2025 08:13,HACHE080625220
6863f04bde50757c26707ee2,8220806252218,h,B,Bangalore,,,08-06-2025,OP2,Priya,08-06-2025 12:14,HBBAN080625221
6863f04bde50757c26707ee3,8220806252225,h,B,Bangalore,,,08-06-2025,OP1,Ravi,08-06-2025 14:57,HBBAN080625222
6863f04bde50757c26707ee4,8230806252231,h,B,Hyderabad,,,08-06-2025,OP2,Priya,08-06-2025 12:27,HBHYD080625223
6863f04bde50757c26707ee5,8210806252240,h,B,Chennai,,,08-06-2025,OP2,Priya,08-06-2025 13:14,HBCHE080625224
6863f04bde50757c26707ee6,8230806252255,h,B,Hyderabad,,,08-06-2025,OP5,Sneha,08-06-2025 13:43,HBHYD080625225
6863f04bde50757c26707ee7,8220806252263,h,B,Bangalore,,,08-06-2025,OP1,Ravi,08-06-2025 12:29,HBBAN080625226
6863f04bde50757c26707ee8,8230806252279,h,B,Hyderabad,,,08-06-2025,OP3,John,08-06-2025 12:58,HBHYD080625227
6863f04bde50757c26707ee9,8220806252287,h,B,Bangalore,,,08-06-2025,OP4,Anita,08-06-2025 14:28,HBBAN080625228
6863f04bde50757c26707eea,8230806252293,h,B,Hyderabad,,,08-06-2025,OP4,Anita,08-06-2025 12:08,HBHYD080625229
6863f04bde50757c26707eeb,8210806252301,h,B,Chennai,,,08-06-2025,OP1,Ravi,08-06-2025 13:19,HBCHE080625230
6863f04bde50757c26707eec,8330806252313,h,C,Hyderabad,,,08-06-2025,OP5,Sneha,08-06-2025 19:14,HCHYD080625231
6863f04bde50757c26707eed,8310806252322,h,C,Chennai,,,08-06-2025,OP1,Ravi,08-06-2025 18:06,HCCHE080625232
6863f04bde50757c26707eee,8310806252339,h,C,Chennai,,,08-06-2025,OP4,Anita,08-06-2025 17:51,HCCHE080625233
6863f04bde50757c26707eef,8330806252344,h,C,Hyderabad,,,08-06-2025,OP2,Priya,08-06-2025 19:54,HCHYD080625234
6863f04bde50757c26707ef0,8330806252351,h,C,Hyderabad,,,08-06-2025,OP3,John,08-06-2025 18:58,HCHYD080625235
6863f04bde50757c26707ef1,8310806252360,h,C,Chennai,,,08-06-2025,OP5,Sneha,08-06-2025 18:17,HCCHE080625236
6863f04bde50757c26707ef2,8330806252375,h,C,Hyderabad,,,08-06-2025,OP3,John,08-06-2025 17:16,HCHYD080625237
6863f04bde50757c26707ef3,8320806252383,h,C,Bangalore,,,08-06-2025,OP5,Sneha,08-06-2025 18:13,HCBAN080625238
6863f04bde50757c26707ef4,8330806252399,h,C,Hyderabad,,,08-06-2025,OP4,Anita,08-06-2025 18:42,HCHYD080625239
6863f04bde50757c26707ef5,8320806252406,h,C,Bangalore,,,08-06-2025,OP4,Anita,08-06-2025 18:29,HCBAN080625240
6863f04bde50757c26707ef6,9110906252418,i,A,Chennai,,,09-06-2025,OP4,Anita,09-06-2025 10:09,IACHE090625241
6863f04bde50757c26707ef7,9130906252423,i,A,Hyderabad,,,09-06-2025,OP4,Anita,09-06-2025 08:33,IAHYD090625242
6863f04bde50757c26707ef8,9130906252430,i,A,Hyderabad,,,09-06-2025,OP5,Sneha,09-06-2025 10:15,IAHYD090625243
6863f04bde50757c26707ef9,9120906252448,i,A,Bangalore,,,09-06-2025,OP3,John,09-06-2025 09:56,IABAN090625244
6863f04bde50757c26707efa,9110906252456,i,A,Chennai,,,09-06-2025,OP5,Sneha,09-06-2025 09:14,IACHE090625245
6863f04bde50757c26707efb,9120906252462,i,A,Bangalore,,,09-06-2025,OP4,Anita,09-06-2025 08:22,IABAN090625246
6863f04bde50757c26707efc,9130906252478,i,A,Hyderabad,,,09-06-2025,OP1,Ravi,09-06-2025 10:41,IAHYD090625247
6863f04bde50757c26707efd,9120906252486,i,A,Bangalore,,,09-06-2025,OP5,Sneha,09-06-2025 09:46,IABAN090625248
6863f04bde50757c26707efe,9110906252494,i,A,Chennai,,,09-06-2025,OP1,Ravi,09-06-2025 09:01,IACHE090625249
6863f04bde50757c26707eff,9130906252508,i,A,Hyderabad,,,09-06-2025,OP4,Anita,09-06-2025 09:39,IAHYD090625250
6863f04bde50757c26707f00,9230906252512,i,B,Hyderabad,,,09-06-2025,OP2,Priya,09-06-2025 14:28,IBHYD090625251
6863f04bde50757c26707f01,9220906252520,i,B,Bangalore,,,09-06-2025,OP4,Anita,09-06-2025 14:16,IBBAN090625252
6863f04bde50757c26707f02,9220906252537,i,B,Bangalore,,,09-06-2025,OP3,John,09-06-2025 12:48,IBBAN090625253
6863f04bde50757c26707f03,9220906252544,i,B,Bangalore,,,09-06-2025,OP1,Ravi,09-06-2025 13:54,IBBAN090625254
6863f04bde50757c26707f04,9230906252550,i,B,Hyderabad,,,09-06-2025,OP2,Priya,09-06-2025 14:25,IBHYD090625255
6863f04bde50757c26707f05,9230906252567,i,B,Hyderabad,,,09-06-2025,OP3,John,09-06-2025 13:53,IBHYD090625256
6863f04bde50757c26707f06,9220906252575,i,B,Bangalore,,,09-06-2025,OP3,John,09-06-2025 14:55,IBBAN090625257
6863f04bde50757c26707f07,9230906252581,i,B,Hyderabad,,,09-06-2025,OP4,Anita,09-06-2025 12:26,IBHYD090625258
6863f04bde50757c26707f08,9230906252598,i,B,Hyderabad,,,09-06-2025,OP1,Ravi,09-06-2025 12:36,IBHYD090625259
6863f04bde50757c26707f09,9220906252605,i,B,Bangalore,,,09-06-2025,OP4,Anita,09-06-2025 13:36,IBBAN090625260
6863f04bde50757c26707f0a,9320906252619,i,C,Bangalore,,,09-06-2025,OP2,Priya,09-06-2025 18:38,ICBAN090625261
6863f04bde50757c26707f0b,9310906252627,i,C,Chennai,,,09-06-2025,OP3,John,09-06-2025 18:38,ICCHE090625262
6863f04bde50757c26707f0c,9320906252633,i,C,Bangalore,,,09-06-2025,OP1,Ravi,09-06-2025 19:23,ICBAN090625263
6863f04bde50757c26707f0d,9330906252649,i,C,Hyderabad,,,09-06-2025,OP1,Ravi,09-06-2025 18:14,ICHYD090625264
6863f04bde50757c26707f0e,9310906252658,i,C,Chennai,,,09-06-2025,OP5,Sneha,09-06-2025 17:16,ICCHE090625265
6863f04bde50757c26707f0f,9310906252665,i,C,Chennai,,,09-06-2025,OP1,Ravi,09-06-2025 18:28,ICCHE090625266
6863f04bde50757c26707f10,9320906252671,i,C,Bangalore,,,09-06-2025,OP1,Ravi,09-06-2025 19:55,ICBAN090625267
6863f04bde50757c26707f11,9310906252689,i,C,Chennai,,,09-06-2025,OP1,Ravi,09-06-2025 17:19,ICCHE090625268
6863f04bde50757c26707f12,9330906252694,i,C,Hyderabad,,,09-06-2025,OP3,John,09-06-2025 18:37,ICHYD090625269
6863f04bde50757c26707f13,9310906252702,i,C,Chennai,,,09-06-2025,OP2,Priya,09-06-2025 17:16,ICCHE090625270
6863f04bde50757c26707f14,10131006252719,j,A,Hyderabad,,,10-06-2025,OP5,Sneha,10-06-2025 10:11,JAHYD100625271
6863f04bde50757c26707f15,10131006252728,j,A,Hyderabad,,,10-06-2025,OP5,Sneha,10-06-2025 10:22,JAHYD100625272
6863f04bde50757c26707f16,10121006252730,j,A,Bangalore,,,10-06-2025,OP5,Sneha,10-06-2025 08:18,JABAN100625273
6863f04bde50757c26707f17,10131006252746,j,A,Hyderabad,,,10-06-2025,OP2,Priya,10-06-2025 10:08,JAHYD100625274
6863f04bde50757c26707f18,10131006252755,j,A,Hyderabad,,,10-06-2025,OP4,Anita,10-06-2025 10:24,JAHYD100625275
6863f04bde50757c26707f19,10111006252760,j,A,Chennai,,,10-06-2025,OP1,Ravi,10-06-2025 08:24,JACHE100625276
6863f04bde50757c26707f1a,10121006252776,j,A,Bangalore,,,10-06-2025,OP1,Ravi,10-06-2025 10:31,JABAN100625277
6863f04bde50757c26707f1b,10121006252785,j,A,Bangalore,,,10-06-2025,OP3,John,10-06-2025 09:46,JABAN100625278
6863f04bde50757c26707f1c,10111006252797,j,A,Chennai,,,10-06-2025,OP3,John,10-06-2025 08:34,JACHE100625279
6863f04bde50757c26707f1d,10131006252807,j,A,Hyderabad,,,10-06-2025,OP4,Anita,10-06-2025 08:19,JAHYD100625280
6863f04bde50757c26707f1e,10211006252811,j,B,Chennai,,,10-06-2025,OP5,Sneha,10-06-2025 14:50,JBCHE100625281
6863f04bde50757c26707f1f,10231006252824,j,B,Hyderabad,,,10-06-2025,OP2,Priya,10-06-2025 13:00,JBHYD100625282
6863f04bde50757c26707f20,10211006252839,j,B,Chennai,,,10-06-2025,OP4,Anita,10-06-2025 13:04,JBCHE100625283
6863f04bde50757c26707f21,10231006252842,j,B,Hyderabad,,,10-06-2025,OP2,Priya,10-06-2025 12:25,JBHYD100625284
6863f04bde50757c26707f22,10231006252851,j,B,Hyderabad,,,10-06-2025,OP2,Priya,10-06-2025 12:09,JBHYD100625285
6863f04bde50757c26707f23,10231006252860,j,B,Hyderabad,,,10-06-2025,OP3,John,10-06-2025 12:17,JBHYD100625286
6863f04bde50757c26707f24,10211006252875,j,B,Chennai,,,10-06-2025,OP2,Priya,10-06-2025 14:39,JBCHE100625287
6863f04bde50757c26707f25,10221006252881,j,B,Bangalore,,,10-06-2025,OP3,John,10-06-2025 14:48,JBBAN100625288
6863f04bde50757c26707f26,10211006252893,j,B,Chennai,,,10-06-2025,OP1,Ravi,10-06-2025 13:59,JBCHE100625289
6863f04bde50757c26707f27,10231006252903,j,B,Hyderabad,,,10-06-2025,OP4,Anita,10-06-2025 13:36,JBHYD100625290
6863f04bde50757c26707f28,10311006252917,j,C,Chennai,,,10-06-2025,OP4,Anita,10-06-2025 19:01,JCCHE100625291
6863f04bde50757c26707f29,10311006252926,j,C,Chennai,,,10-06-2025,OP3,John,10-06-2025 17:18,JCCHE100625292
6863f04bde50757c26707f2a,10321006252932,j,C,Bangalore,,,10-06-2025,OP1,Ravi,10-06-2025 19:44,JCBAN100625293
6863f04bde50757c26707f2b,10311006252944,j,C,Chennai,,,10-06-2025,OP2,Priya,10-06-2025 18:25,JCCHE100625294
6863f04bde50757c26707f2c,10311006252953,j,C,Chennai,,,10-06-2025,OP1,Ravi,10-06-2025 17:04,JCCHE100625295
6863f04bde50757c26707f2d,10311006252962,j,C,Chennai,,,10-06-2025,OP4,Anita,10-06-2025 19:36,JCCHE100625296
6863f04bde50757c26707f2e,10331006252975,j,C,Hyderabad,,,10-06-2025,OP3,John,10-06-2025 18:40,JCHYD100625297
6863f04bde50757c26707f2f,10321006252987,j,C,Bangalore,,,10-06-2025,OP4,Anita,10-06-2025 19:40,JCBAN100625298
6863f04bde50757c26707f30,10331006252993,j,C,Hyderabad,,,10-06-2025,OP1,Ravi,10-06-2025 19:40,JCHYD100625299
6863f04bde50757c26707f31,10321006253001,j,C,Bangalore,,,10-06-2025,OP4,Anita,10-06-2025 19:52,JCBAN100625300
6863f04bde50757c26707f32,11121106253016,k,A,Bangalore,,,11-06-2025,OP3,John,11-06-2025 09:17,KABAN110625301
6863f04bde50757c26707f33,11121106253025,k,A,Bangalore,,,11-06-2025,OP5,Sneha,11-06-2025 08:27,KABAN110625302
6863f04bde50757c26707f34,11111106253037,k,A,Chennai,,,11-06-2025,OP3,John,11-06-2025 09:50,KACHE110625303
6863f04bde50757c26707f35,11111106253046,k,A,Chennai,,,11-06-2025,OP2,Priya,11-06-2025 09:22,KACHE110625304
6863f04bde50757c26707f36,11121106253052,k,A,Bangalore,,,11-06-2025,OP2,Priya,11-06-2025 09:07,KABAN110625305
6863f04bde50757c26707f37,11111106253064,k,A,Chennai,,,11-06-2025,OP2,Priya,11-06-2025 10:17,KACHE110625306
6863f04bde50757c26707f38,11121106253070,k,A,Bangalore,,,11-06-2025,OP5,Sneha,11-06-2025 08:42,KABAN110625307
6863f04bde50757c26707f39,11121106253089,k,A,Bangalore,,,11-06-2025,OP2,Priya,11-06-2025 08:33,KABAN110625308
6863f04bde50757c26707f3a,11131106253095,k,A,Hyderabad,,,11-06-2025,OP3,John,11-06-2025 10:58,KAHYD110625309
6863f04bde50757c26707f3b,11121106253104,k,A,Bangalore,,,11-06-2025,OP2,Priya,11-06-2025 08:24,KABAN110625310
6863f04bde50757c26707f3c,11231106253119,k,B,Hyderabad,,,11-06-2025,OP3,John,11-06-2025 12:39,KBHYD110625311
6863f04bde50757c26707f3d,11221106253121,k,B,Bangalore,,,11-06-2025,OP4,Anita,11-06-2025 13:46,KBBAN110625312
6863f04bde50757c26707f3e,11211106253133,k,B,Chennai,,,11-06-2025,OP5,Sneha,11-06-2025 13:22,KBCHE110625313
6863f04bde50757c26707f3f,11221106253149,k,B,Bangalore,,,11-06-2025,OP5,Sneha,11-06-2025 14:34,KBBAN110625314
6863f04bde50757c26707f40,11211106253151,k,B,Chennai,,,11-06-2025,OP1,Ravi,11-06-2025 12:53,KBCHE110625315
6863f04bde50757c26707f41,11231106253164,k,B,Hyderabad,,,11-06-2025,OP5,Sneha,11-06-2025 14:11,KBHYD110625316
6863f04bde50757c26707f42,11221106253176,k,B,Bangalore,,,11-06-2025,OP3,John,11-06-2025 13:06,KBBAN110625317
6863f04bde50757c26707f43,11221106253185,k,B,Bangalore,,,11-06-2025,OP5,Sneha,11-06-2025 13:38,KBBAN110625318
6863f04bde50757c26707f44,11231106253191,k,B,Hyderabad,,,11-06-2025,OP2,Priya,11-06-2025 13:07,KBHYD110625319
6863f04bde50757c26707f45,11221106253200,k,B,Bangalore,,,11-06-2025,OP2,Priya,11-06-2025 13:36,KBBAN110625320
6863f04bde50757c26707f46,11311106253211,k,C,Chennai,,,11-06-2025,OP4,Anita,11-06-2025 17:43,KCCHE110625321
6863f04bde50757c26707f47,11331106253224,k,C,Hyderabad,,,11-06-2025,OP3,John,11-06-2025 19:04,KCHYD110625322
6863f04bde50757c26707f48,11311106253239,k,C,Chennai,,,11-06-2025,OP2,Priya,11-06-2025 19:11,KCCHE110625323
6863f04bde50757c26707f49,11311106253248,k,C,Chennai,,,11-06-2025,OP2,Priya,11-06-2025 17:28,KCCHE110625324
6863f04bde50757c26707f4a,11321106253254,k,C,Bangalore,,,11-06-2025,OP5,Sneha,11-06-2025 19:54,KCBAN110625325
6863f04bde50757c26707f4b,11321106253263,k,C,Bangalore,,,11-06-2025,OP1,Ravi,11-06-2025 18:46,KCBAN110625326
6863f04bde50757c26707f4c,11321106253272,k,C,Bangalore,,,11-06-2025,OP2,Priya,11-06-2025 18:11,KCBAN110625327
6863f04bde50757c26707f4d,11331106253288,k,C,Hyderabad,,,11-06-2025,OP5,Sneha,11-06-2025 19:31,KCHYD110625328
6863f04bde50757c26707f4e,11321106253290,k,C,Bangalore,,,11-06-2025,OP3,John,11-06-2025 19:06,KCBAN110625329
6863f04bde50757c26707f4f,11311106253309,k,C,Chennai,,,11-06-2025,OP2,Priya,11-06-2025 18:49,KCCHE110625330
6863f04bde50757c26707f50,12131206253318,l,A,Hyderabad,,,12-06-2025,OP3,John,12-06-2025 09:28,LAHYD120625331
6863f04bde50757c26707f51,12131206253327,l,A,Hyderabad,,,12-06-2025,OP3,John,12-06-2025 09:54,LAHYD120625332
6863f04bde50757c26707f52,12121206253339,l,A,Bangalore,,,12-06-2025,OP4,Anita,12-06-2025 08:11,LABAN120625333
6863f04bde50757c26707f53,12131206253345,l,A,Hyderabad,,,12-06-2025,OP1,Ravi,12-06-2025 08:11,LAHYD120625334
6863f04bde50757c26707f54,12121206253357,l,A,Bangalore,,,12-06-2025,OP4,Anita,12-06-2025 10:47,LABAN120625335
6863f04bde50757c26707f55,12111206253369,l,A,Chennai,,,12-06-2025,OP4,Anita,12-06-2025 08:53,LACHE120625336
6863f04bde50757c26707f56,12131206253372,l,A,Hyderabad,,,12-06-2025,OP2,Priya,12-06-2025 10:59,LAHYD120625337
6863f04bde50757c26707f57,12121206253384,l,A,Bangalore,,,12-06-2025,OP3,John,12-06-2025 10:41,LABAN120625338
6863f04bde50757c26707f58,12111206253396,l,A,Chennai,,,12-06-2025,OP2,Priya,12-06-2025 10:01,LACHE120625339
6863f04bde50757c26707f59,12121206253409,l,A,Bangalore,,,12-06-2025,OP3,John,12-06-2025 08:40,LABAN120625340
6863f04bde50757c26707f5a,12231206253414,l,B,Hyderabad,,,12-06-2025,OP1,Ravi,12-06-2025 12:17,LBHYD120625341
6863f04bde50757c26707f5b,12211206253429,l,B,Chennai,,,12-06-2025,OP3,John,12-06-2025 12:31,LBCHE120625342
6863f04bde50757c26707f5c,12211206253438,l,B,Chennai,,,12-06-2025,OP1,Ravi,12-06-2025 13:06,LBCHE120625343
6863f04bde50757c26707f5d,12211206253447,l,B,Chennai,,,12-06-2025,OP4,Anita,12-06-2025 14:29,LBCHE120625344
6863f04bde50757c26707f5e,12231206253450,l,B,Hyderabad,,,12-06-2025,OP4,Anita,12-06-2025 14:37,LBHYD120625345
6863f04bde50757c26707f5f,12231206253469,l,B,Hyderabad,,,12-06-2025,OP5,Sneha,12-06-2025 14:55,LBHYD120625346
6863f04bde50757c26707f60,12231206253478,l,B,Hyderabad,,,12-06-2025,OP4,Anita,12-06-2025 14:34,LBHYD120625347
6863f04bde50757c26707f61,12231206253487,l,B,Hyderabad,,,12-06-2025,OP1,Ravi,12-06-2025 13:52,LBHYD120625348
6863f04bde50757c26707f62,12221206253499,l,B,Bangalore,,,12-06-2025,OP2,Priya,12-06-2025 14:45,LBBAN120625349
6863f04bde50757c26707f63,12211206253508,l,B,Chennai,,,12-06-2025,OP2,Priya,12-06-2025 14:06,LBCHE120625350
6863f04bde50757c26707f64,12321206253513,l,C,Bangalore,,,12-06-2025,OP2,Priya,12-06-2025 19:09,LCBAN120625351
6863f04bde50757c26707f65,12331206253529,l,C,Hyderabad,,,12-06-2025,OP3,John,12-06-2025 17:22,LCHYD120625352
6863f04bde50757c26707f66,12311206253534,l,C,Chennai,,,12-06-2025,OP1,Ravi,12-06-2025 17:13,LCCHE120625353
6863f04bde50757c26707f67,12311206253543,l,C,Chennai,,,12-06-2025,OP3,John,12-06-2025 18:25,LCCHE120625354
6863f04bde50757c26707f68,12331206253556,l,C,Hyderabad,,,12-06-2025,OP3,John,12-06-2025 18:21,LCHYD120625355
6863f04bde50757c26707f69,12331206253565,l,C,Hyderabad,,,12-06-2025,OP2,Priya,12-06-2025 17:46,LCHYD120625356
6863f04bde50757c26707f6a,12311206253570,l,C,Chennai,,,12-06-2025,OP5,Sneha,12-06-2025 19:30,LCCHE120625357
6863f04bde50757c26707f6b,12331206253583,l,C,Hyderabad,,,12-06-2025,OP4,Anita,12-06-2025 18:36,LCHYD120625358
6863f04bde50757c26707f6c,12331206253592,l,C,Hyderabad,,,12-06-2025,OP4,Anita,12-06-2025 18:10,LCHYD120625359
6863f04bde50757c26707f6d,12331206253608,l,C,Hyderabad,,,12-06-2025,OP4,Anita,12-06-2025 19:18,LCHYD120625360
6863f04bde50757c26707f6e,13121306253616,m,A,Bangalore,,,13-06-2025,OP5,Sneha,13-06-2025 10:29,MABAN130625361
6863f04bde50757c26707f6f,13121306253625,m,A,Bangalore,,,13-06-2025,OP1,Ravi,13-06-2025 10:42,MABAN130625362
6863f04bde50757c26707f70,13121306253634,m,A,Bangalore,,,13-06-2025,OP2,Priya,13-06-2025 09:57,MABAN130625363
6863f04bde50757c26707f71,13111306253646,m,A,Chennai,,,13-06-2025,OP4,Anita,13-06-2025 09:27,MACHE130625364
6863f04bde50757c26707f72,13121306253652,m,A,Bangalore,,,13-06-2025,OP3,John,13-06-2025 08:54,MABAN130625365
6863f04bde50757c26707f73,13131306253668,m,A,Hyderabad,,,13-06-2025,OP3,John,13-06-2025 10:22,MAHYD130625366
6863f04bde50757c26707f74,13121306253670,m,A,Bangalore,,,13-06-2025,OP3,John,13-06-2025 10:19,MABAN130625367
6863f04bde50757c26707f75,13121306253689,m,A,Bangalore,,,13-06-2025,OP2,Priya,13-06-2025 10:47,MABAN130625368
6863f04bde50757c26707f76,13131306253695,m,A,Hyderabad,,,13-06-2025,OP1,Ravi,13-06-2025 08:11,MAHYD130625369
6863f04bde50757c26707f77,13111306253707,m,A,Chennai,,,13-06-2025,OP5,Sneha,13-06-2025 09:20,MACHE130625370
6863f04bde50757c26707f78,13231306253719,m,B,Hyderabad,,,13-06-2025,OP2,Priya,13-06-2025 12:00,MBHYD130625371
6863f04bde50757c26707f79,13221306253721,m,B,Bangalore,,,13-06-2025,OP2,Priya,13-06-2025 14:11,MBBAN130625372
6863f04bde50757c26707f7a,13231306253737,m,B,Hyderabad,,,13-06-2025,OP5,Sneha,13-06-2025 12:52,MBHYD130625373
6863f04bde50757c26707f7b,13231306253746,m,B,Hyderabad,,,13-06-2025,OP2,Priya,13-06-2025 13:38,MBHYD130625374
6863f04bde50757c26707f7c,13221306253758,m,B,Bangalore,,,13-06-2025,OP4,Anita,13-06-2025 12:50,MBBAN130625375
6863f04bde50757c26707f7d,13221306253767,m,B,Bangalore,,,13-06-2025,OP5,Sneha,13-06-2025 13:01,MBBAN130625376
6863f04bde50757c26707f7e,13231306253773,m,B,Hyderabad,,,13-06-2025,OP2,Priya,13-06-2025 12:24,MBHYD130625377
6863f04bde50757c26707f7f,13231306253782,m,B,Hyderabad,,,13-06-2025,OP4,Anita,13-06-2025 13:30,MBHYD130625378
6863f04bde50757c26707f80,13231306253791,m,B,Hyderabad,,,13-06-2025,OP5,Sneha,13-06-2025 14:34,MBHYD130625379
6863f04bde50757c26707f81,13231306253807,m,B,Hyderabad,,,13-06-2025,OP1,Ravi,13-06-2025 12:36,MBHYD130625380
6863f04bde50757c26707f82,13311306253811,m,C,Chennai,,,13-06-2025,OP2,Priya,13-06-2025 18:24,MCCHE130625381
6863f04bde50757c26707f83,13331306253824,m,C,Hyderabad,,,13-06-2025,OP5,Sneha,13-06-2025 17:58,MCHYD130625382
6863f04bde50757c26707f84,13311306253839,m,C,Chennai,,,13-06-2025,OP1,Ravi,13-06-2025 19:51,MCCHE130625383
6863f04bde50757c26707f85,13321306253845,m,C,Bangalore,,,13-06-2025,OP2,Priya,13-06-2025 18:07,MCBAN130625384
6863f04bde50757c26707f86,13331306253851,m,C,Hyderabad,,,13-06-2025,OP5,Sneha,13-06-2025 18:51,MCHYD130625385
6863f04bde50757c26707f87,13331306253860,m,C,Hyderabad,,,13-06-2025,OP2,Priya,13-06-2025 18:39,MCHYD130625386
6863f04bde50757c26707f88,13311306253875,m,C,Chennai,,,13-06-2025,OP3,John,13-06-2025 19:43,MCCHE130625387
6863f04bde50757c26707f89,13311306253884,m,C,Chennai,,,13-06-2025,OP3,John,13-06-2025 19:28,MCCHE130625388
6863f04bde50757c26707f8a,13321306253890,m,C,Bangalore,,,13-06-2025,OP4,Anita,13-06-2025 19:39,MCBAN130625389
6863f04bde50757c26707f8b,13331306253903,m,C,Hyderabad,,,13-06-2025,OP3,John,13-06-2025 17:53,MCHYD130625390
6863f04bde50757c26707f8c,14111406253914,n,A,Chennai,,,14-06-2025,OP3,John,14-06-2025 10:33,NACHE140625391
6863f04bde50757c26707f8d,14111406253923,n,A,Chennai,,,14-06-2025,OP5,Sneha,14-06-2025 09:41,NACHE140625392
6863f04bde50757c26707f8e,14111406253932,n,A,Chennai,,,14-06-2025,OP1,Ravi,14-06-2025 08:42,NACHE140625393
6863f04bde50757c26707f8f,14121406253948,n,A,Bangalore,,,14-06-2025,OP1,Ravi,14-06-2025 09:48,NABAN140625394
6863f04bde50757c26707f90,14121406253957,n,A,Bangalore,,,14-06-2025,OP1,Ravi,14-06-2025 09:34,NABAN140625395
6863f04bde50757c26707f91,14121406253966,n,A,Bangalore,,,14-06-2025,OP5,Sneha,14-06-2025 09:22,NABAN140625396
6863f04bde50757c26707f92,14121406253975,n,A,Bangalore,,,14-06-2025,OP4,Anita,14-06-2025 08:33,NABAN140625397
6863f04bde50757c26707f93,14111406253987,n,A,Chennai,,,14-06-2025,OP4,Anita,14-06-2025 09:05,NACHE140625398
6863f04bde50757c26707f94,14121406253993,n,A,Bangalore,,,14-06-2025,OP4,Anita,14-06-2025 08:46,NABAN140625399
6863f04bde50757c26707f95,14121406254008,n,A,Bangalore,,,14-06-2025,OP1,Ravi,14-06-2025 09:50,NABAN140625400
6863f04bde50757c26707f96,14221406254016,n,B,Bangalore,,,14-06-2025,OP2,Priya,14-06-2025 13:36,NBBAN140625401
6863f04bde50757c26707f97,14221406254025,n,B,Bangalore,,,14-06-2025,OP1,Ravi,14-06-2025 12:23,NBBAN140625402
6863f04bde50757c26707f98,14231406254031,n,B,Hyderabad,,,14-06-2025,OP5,Sneha,14-06-2025 14:25,NBHYD140625403
6863f04bde50757c26707f99,14221406254043,n,B,Bangalore,,,14-06-2025,OP4,Anita,14-06-2025 12:38,NBBAN140625404
6863f04bde50757c26707f9a,14221406254052,n,B,Bangalore,,,14-06-2025,OP1,Ravi,14-06-2025 12:06,NBBAN140625405
6863f04bde50757c26707f9b,14211406254064,n,B,Chennai,,,14-06-2025,OP5,Sneha,14-06-2025 13:14,NBCHE140625406
6863f04bde50757c26707f9c,14211406254073,n,B,Chennai,,,14-06-2025,OP2,Priya,14-06-2025 13:09,NBCHE140625407
6863f04bde50757c26707f9d,14211406254082,n,B,Chennai,,,14-06-2025,OP1,Ravi,14-06-2025 12:58,NBCHE140625408
6863f04bde50757c26707f9e,14221406254098,n,B,Bangalore,,,14-06-2025,OP5,Sneha,14-06-2025 13:33,NBBAN140625409
6863f04bde50757c26707f9f,14221406254104,n,B,Bangalore,,,14-06-2025,OP2,Priya,14-06-2025 13:45,NBBAN140625410
6863f04bde50757c26707fa0,14321406254112,n,C,Bangalore,,,14-06-2025,OP5,Sneha,14-06-2025 17:27,NCBAN140625411
6863f04bde50757c26707fa1,14321406254121,n,C,Bangalore,,,14-06-2025,OP3,John,14-06-2025 18:33,NCBAN140625412
6863f04bde50757c26707fa2,14321406254130,n,C,Bangalore,,,14-06-2025,OP3,John,14-06-2025 19:56,NCBAN140625413
6863f04bde50757c26707fa3,14331406254146,n,C,Hyderabad,,,14-06-2025,OP3,John,14-06-2025 17:52,NCHYD140625414
6863f04bde50757c26707fa4,14311406254151,n,C,Chennai,,,14-06-2025,OP3,John,14-06-2025 19:48,NCCHE140625415
6863f04bde50757c26707fa5,14311406254160,n,C,Chennai,,,14-06-2025,OP5,Sneha,14-06-2025 17:08,NCCHE140625416
6863f04bde50757c26707fa6,14311406254179,n,C,Chennai,,,14-06-2025,OP5,Sneha,14-06-2025 19:21,NCCHE140625417
6863f04bde50757c26707fa7,14321406254185,n,C,Bangalore,,,14-06-2025,OP2,Priya,14-06-2025 17:21,NCBAN140625418
6863f04bde50757c26707fa8,14321406254194,n,C,Bangalore,,,14-06-2025,OP2,Priya,14-06-2025 18:39,NCBAN140625419
6863f04bde50757c26707fa9,14321406254200,n,C,Bangalore,,,14-06-2025,OP3,John,14-06-2025 18:20,NCBAN140625420
6863f04bde50757c26707faa,15121506254215,o,A,Bangalore,,,15-06-2025,OP3,John,15-06-2025 08:46,OABAN150625421
6863f04bde50757c26707fab,15121506254224,o,A,Bangalore,,,15-06-2025,OP5,Sneha,15-06-2025 10:52,OABAN150625422
6863f04bde50757c26707fac,15131506254230,o,A,Hyderabad,,,15-06-2025,OP3,John,15-06-2025 10:44,OAHYD150625423
6863f04bde50757c26707fad,15111506254245,o,A,Chennai,,,15-06-2025,OP3,John,15-06-2025 10:07,OACHE150625424
6863f04bde50757c26707fae,15131506254258,o,A,Hyderabad,,,15-06-2025,OP1,Ravi,15-06-2025 10:43,OAHYD150625425
6863f04bde50757c26707faf,15131506254267,o,A,Hyderabad,,,15-06-2025,OP5,Sneha,15-06-2025 09:19,OAHYD150625426
6863f04bde50757c26707fb0,15131506254276,o,A,Hyderabad,,,15-06-2025,OP4,Anita,15-06-2025 10:05,OAHYD150625427
6863f04bde50757c26707fb1,15131506254285,o,A,Hyderabad,,,15-06-2025,OP5,Sneha,15-06-2025 10:57,OAHYD150625428
6863f04bde50757c26707fb2,15121506254297,o,A,Bangalore,,,15-06-2025,OP3,John,15-06-2025 10:05,OABAN150625429
6863f04bde50757c26707fb3,15131506254300,o,A,Hyderabad,,,15-06-2025,OP5,Sneha,15-06-2025 09:08,OAHYD150625430
6863f04bde50757c26707fb4,15211506254314,o,B,Chennai,,,15-06-2025,OP3,John,15-06-2025 12:22,OBCHE150625431
6863f04bde50757c26707fb5,15221506254320,o,B,Bangalore,,,15-06-2025,OP4,Anita,15-06-2025 14:33,OBBAN150625432
6863f04bde50757c26707fb6,15231506254336,o,B,Hyderabad,,,15-06-2025,OP1,Ravi,15-06-2025 13:12,OBHYD150625433
6863f04bde50757c26707fb7,15231506254345,o,B,Hyderabad,,,15-06-2025,OP3,John,15-06-2025 14:54,OBHYD150625434
6863f04bde50757c26707fb8,15221506254357,o,B,Bangalore,,,15-06-2025,OP5,Sneha,15-06-2025 12:08,OBBAN150625435
6863f04bde50757c26707fb9,15211506254369,o,B,Chennai,,,15-06-2025,OP3,John,15-06-2025 13:51,OBCHE150625436
6863f04bde50757c26707fba,15211506254378,o,B,Chennai,,,15-06-2025,OP5,Sneha,15-06-2025 13:30,OBCHE150625437
6863f04bde50757c26707fbb,15231506254381,o,B,Hyderabad,,,15-06-2025,OP4,Anita,15-06-2025 14:14,OBHYD150625438
6863f04bde50757c26707fbc,15211506254396,o,B,Chennai,,,15-06-2025,OP1,Ravi,15-06-2025 12:42,OBCHE150625439
6863f04bde50757c26707fbd,15231506254406,o,B,Hyderabad,,,15-06-2025,OP4,Anita,15-06-2025 14:36,OBHYD150625440
6863f04bde50757c26707fbe,15311506254410,o,C,Chennai,,,15-06-2025,OP2,Priya,15-06-2025 18:37,OCCHE150625441
6863f04bde50757c26707fbf,15321506254426,o,C,Bangalore,,,15-06-2025,OP1,Ravi,15-06-2025 17:54,OCBAN150625442
6863f04bde50757c26707fc0,15331506254432,o,C,Hyderabad,,,15-06-2025,OP4,Anita,15-06-2025 19:52,OCHYD150625443
6863f04bde50757c26707fc1,15331506254441,o,C,Hyderabad,,,15-06-2025,OP2,Priya,15-06-2025 19:18,OCHYD150625444
6863f04bde50757c26707fc2,15311506254456,o,C,Chennai,,,15-06-2025,OP4,Anita,15-06-2025 19:55,OCCHE150625445
6863f04bde50757c26707fc3,15311506254465,o,C,Chennai,,,15-06-2025,OP5,Sneha,15-06-2025 19:24,OCCHE150625446
6863f04bde50757c26707fc4,15331506254478,o,C,Hyderabad,,,15-06-2025,OP5,Sneha,15-06-2025 18:40,OCHYD150625447
6863f04bde50757c26707fc5,15331506254487,o,C,Hyderabad,,,15-06-2025,OP3,John,15-06-2025 19:12,OCHYD150625448
6863f04bde50757c26707fc6,15331506254496,o,C,Hyderabad,,,15-06-2025,OP5,Sneha,15-06-2025 19:52,OCHYD150625449
6863f04bde50757c26707fc7,15331506254502,o,C,Hyderabad,,,15-06-2025,OP1,Ravi,15-06-2025 18:11,OCHYD150625450
6863f04bde50757c26707fc8,16121606254510,p,A,Bangalore,,,16-06-2025,OP4,Anita,16-06-2025 08:51,PABAN160625451
6863f04bde50757c26707fc9,16131606254526,p,A,Hyderabad,,,16-06-2025,OP4,Anita,16-06-2025 09:02,PAHYD160625452
6863f04bde50757c26707fca,16121606254538,p,A,Bangalore,,,16-06-2025,OP2,Priya,16-06-2025 08:31,PABAN160625453
6863f04bde50757c26707fcb,16111606254540,p,A,Chennai,,,16-06-2025,OP4,Anita,16-06-2025 09:50,PACHE160625454
6863f04bde50757c26707fcc,16111606254559,p,A,Chennai,,,16-06-2025,OP4,Anita,16-06-2025 10:26,PACHE160625455
6863f04bde50757c26707fcd,16131606254562,p,A,Hyderabad,,,16-06-2025,OP3,John,16-06-2025 10:25,PAHYD160625456
6863f04bde50757c26707fce,16121606254574,p,A,Bangalore,,,16-06-2025,OP5,Sneha,16-06-2025 09:57,PABAN160625457
6863f04bde50757c26707fcf,16111606254586,p,A,Chennai,,,16-06-2025,OP3,John,16-06-2025 08:39,PACHE160625458
6863f04bde50757c26707fd0,16111606254595,p,A,Chennai,,,16-06-2025,OP2,Priya,16-06-2025 08:22,PACHE160625459
6863f04bde50757c26707fd1,16131606254605,p,A,Hyderabad,,,16-06-2025,OP4,Anita,16-06-2025 08:10,PAHYD160625460
6863f04bde50757c26707fd2,16221606254616,p,B,Bangalore,,,16-06-2025,OP3,John,16-06-2025 12:43,PBBAN160625461
6863f04bde50757c26707fd3,16231606254622,p,B,Hyderabad,,,16-06-2025,OP2,Priya,16-06-2025 12:25,PBHYD160625462
6863f04bde50757c26707fd4,16221606254634,p,B,Bangalore,,,16-06-2025,OP3,John,16-06-2025 12:07,PBBAN160625463
6863f04bde50757c26707fd5,16211606254646,p,B,Chennai,,,16-06-2025,OP2,Priya,16-06-2025 13:11,PBCHE160625464
6863f04bde50757c26707fd6,16231606254659,p,B,Hyderabad,,,16-06-2025,OP4,Anita,16-06-2025 13:13,PBHYD160625465
6863f04bde50757c26707fd7,16211606254664,p,B,Chennai,,,16-06-2025,OP2,Priya,16-06-2025 14:39,PBCHE160625466
6863f04bde50757c26707fd8,16221606254670,p,B,Bangalore,,,16-06-2025,OP4,Anita,16-06-2025 14:29,PBBAN160625467
6863f04bde50757c26707fd9,16211606254682,p,B,Chennai,,,16-06-2025,OP2,Priya,16-06-2025 13:50,PBCHE160625468
6863f04cde50757c26707fda,16231606254695,p,B,Hyderabad,,,16-06-2025,OP1,Ravi,16-06-2025 12:28,PBHYD160625469
6863f04cde50757c26707fdb,16221606254704,p,B,Bangalore,,,16-06-2025,OP3,John,16-06-2025 13:47,PBBAN160625470
6863f04cde50757c26707fdc,16311606254715,p,C,Chennai,,,16-06-2025,OP3,John,16-06-2025 17:29,PCCHE160625471
6863f04cde50757c26707fdd,16331606254728,p,C,Hyderabad,,,16-06-2025,OP2,Priya,16-06-2025 17:39,PCHYD160625472
6863f04cde50757c26707fde,16311606254733,p,C,Chennai,,,16-06-2025,OP2,Priya,16-06-2025 18:49,PCCHE160625473
6863f04cde50757c26707fdf,16331606254746,p,C,Hyderabad,,,16-06-2025,OP1,Ravi,16-06-2025 18:11,PCHYD160625474
6863f04cde50757c26707fe0,16331606254755,p,C,Hyderabad,,,16-06-2025,OP1,Ravi,16-06-2025 19:04,PCHYD160625475
6863f04cde50757c26707fe1,16321606254767,p,C,Bangalore,,,16-06-2025,OP3,John,16-06-2025 18:43,PCBAN160625476
6863f04cde50757c26707fe2,16321606254776,p,C,Bangalore,,,16-06-2025,OP2,Priya,16-06-2025 19:08,PCBAN160625477
6863f04cde50757c26707fe3,16311606254788,p,C,Chennai,,,16-06-2025,OP3,John,16-06-2025 19:09,PCCHE160625478
6863f04cde50757c26707fe4,16321606254794,p,C,Bangalore,,,16-06-2025,OP4,Anita,16-06-2025 19:36,PCBAN160625479
6863f04cde50757c26707fe5,16311606254803,p,C,Chennai,,,16-06-2025,OP5,Sneha,16-06-2025 17:43,PCCHE160625480
6863f04cde50757c26707fe6,17131706254812,q,A,Hyderabad,,,17-06-2025,OP3,John,17-06-2025 10:49,QAHYD170625481
6863f04cde50757c26707fe7,17111706254827,q,A,Chennai,,,17-06-2025,OP1,Ravi,17-06-2025 10:11,QACHE170625482
6863f04cde50757c26707fe8,17121706254833,q,A,Bangalore,,,17-06-2025,OP2,Priya,17-06-2025 08:01,QABAN170625483
6863f04cde50757c26707fe9,17111706254845,q,A,Chennai,,,17-06-2025,OP3,John,17-06-2025 09:22,QACHE170625484
6863f04cde50757c26707fea,17131706254858,q,A,Hyderabad,,,17-06-2025,OP1,Ravi,17-06-2025 08:40,QAHYD170625485
6863f04cde50757c26707feb,17131706254867,q,A,Hyderabad,,,17-06-2025,OP3,John,17-06-2025 09:39,QAHYD170625486
6863f04cde50757c26707fec,17131706254876,q,A,Hyderabad,,,17-06-2025,OP1,Ravi,17-06-2025 08:48,QAHYD170625487
6863f04cde50757c26707fed,17121706254888,q,A,Bangalore,,,17-06-2025,OP5,Sneha,17-06-2025 10:11,QABAN170625488
6863f04cde50757c26707fee,17121706254897,q,A,Bangalore,,,17-06-2025,OP1,Ravi,17-06-2025 09:21,QABAN170625489
6863f04cde50757c26707fef,17121706254903,q,A,Bangalore,,,17-06-2025,OP1,Ravi,17-06-2025 10:24,QABAN170625490
6863f04cde50757c26707ff0,17211706254914,q,B,Chennai,,,17-06-2025,OP1,Ravi,17-06-2025 13:32,QBCHE170625491
6863f04cde50757c26707ff1,17211706254923,q,B,Chennai,,,17-06-2025,OP1,Ravi,17-06-2025 13:51,QBCHE170625492
6863f04cde50757c26707ff2,17231706254936,q,B,Hyderabad,,,17-06-2025,OP3,John,17-06-2025 12:52,QBHYD170625493
6863f04cde50757c26707ff3,17211706254941,q,B,Chennai,,,17-06-2025,OP5,Sneha,17-06-2025 13:16,QBCHE170625494
6863f04cde50757c26707ff4,17211706254950,q,B,Chennai,,,17-06-2025,OP5,Sneha,17-06-2025 12:49,QBCHE170625495
6863f04cde50757c26707ff5,17231706254963,q,B,Hyderabad,,,17-06-2025,OP5,Sneha,17-06-2025 13:53,QBHYD170625496
6863f04cde50757c26707ff6,17231706254972,q,B,Hyderabad,,,17-06-2025,OP5,Sneha,17-06-2025 13:23,QBHYD170625497
6863f04cde50757c26707ff7,17211706254987,q,B,Chennai,,,17-06-2025,OP1,Ravi,17-06-2025 12:07,QBCHE170625498
6863f04cde50757c26707ff8,17211706254996,q,B,Chennai,,,17-06-2025,OP2,Priya,17-06-2025 12:53,QBCHE170625499
6863f04cde50757c26707ff9,17231706255005,q,B,Hyderabad,,,17-06-2025,OP2,Priya,17-06-2025 12:19,QBHYD170625500
6863f04cde50757c26707ffa,17321706255016,q,C,Bangalore,,,17-06-2025,OP3,John,17-06-2025 19:25,QCBAN170625501
6863f04cde50757c26707ffb,17311706255028,q,C,Chennai,,,17-06-2025,OP4,Anita,17-06-2025 19:57,QCCHE170625502
6863f04cde50757c26707ffc,17321706255034,q,C,Bangalore,,,17-06-2025,OP5,Sneha,17-06-2025 17:05,QCBAN170625503
6863f04cde50757c26707ffd,17331706255040,q,C,Hyderabad,,,17-06-2025,OP4,Anita,17-06-2025 17:46,QCHYD170625504
6863f04cde50757c26707ffe,17331706255059,q,C,Hyderabad,,,17-06-2025,OP1,Ravi,17-06-2025 17:43,QCHYD170625505
6863f04cde50757c26707fff,17331706255068,q,C,Hyderabad,,,17-06-2025,OP5,Sneha,17-06-2025 18:23,QCHYD170625506
6863f04cde50757c26708000,17321706255070,q,C,Bangalore,,,17-06-2025,OP3,John,17-06-2025 17:25,QCBAN170625507
6863f04cde50757c26708001,17311706255082,q,C,Chennai,,,17-06-2025,OP3,John,17-06-2025 17:41,QCCHE170625508
6863f04cde50757c26708002,17311706255091,q,C,Chennai,,,17-06-2025,OP4,Anita,17-06-2025 17:49,QCCHE170625509
6863f04cde50757c26708003,17331706255101,q,C,Hyderabad,,,17-06-2025,OP1,Ravi,17-06-2025 19:39,QCHYD170625510
6863f04cde50757c26708004,18131806255116,r,A,Hyderabad,,,18-06-2025,OP3,John,18-06-2025 10:49,RAHYD180625511
6863f04cde50757c26708005,18111806255121,r,A,Chennai,,,18-06-2025,OP2,Priya,18-06-2025 09:32,RACHE180625512
6863f04cde50757c26708006,18111806255130,r,A,Chennai,,,18-06-2025,OP3,John,18-06-2025 09:44,RACHE180625513
6863f04cde50757c26708007,18121806255146,r,A,Bangalore,,,18-06-2025,OP3,John,18-06-2025 08:49,RABAN180625514
6863f04cde50757c26708008,18121806255155,r,A,Bangalore,,,18-06-2025,OP2,Priya,18-06-2025 08:42,RABAN180625515
6863f04cde50757c26708009,18121806255164,r,A,Bangalore,,,18-06-2025,OP1,Ravi,18-06-2025 10:15,RABAN180625516
6863f04cde50757c2670800a,18131806255170,r,A,Hyderabad,,,18-06-2025,OP5,Sneha,18-06-2025 10:03,RAHYD180625517
6863f04cde50757c2670800b,18121806255182,r,A,Bangalore,,,18-06-2025,OP5,Sneha,18-06-2025 08:44,RABAN180625518
6863f04cde50757c2670800c,18131806255198,r,A,Hyderabad,,,18-06-2025,OP4,Anita,18-06-2025 09:24,RAHYD180625519
6863f04cde50757c2670800d,18121806255207,r,A,Bangalore,,,18-06-2025,OP4,Anita,18-06-2025 08:20,RABAN180625520
6863f04cde50757c2670800e,18221806255215,r,B,Bangalore,,,18-06-2025,OP1,Ravi,18-06-2025 13:57,RBBAN180625521
6863f04cde50757c2670800f,18231806255221,r,B,Hyderabad,,,18-06-2025,OP2,Priya,18-06-2025 14:00,RBHYD180625522
6863f04cde50757c26708010,18221806255233,r,B,Bangalore,,,18-06-2025,OP5,Sneha,18-06-2025 13:30,RBBAN180625523
6863f04cde50757c26708011,18231806255249,r,B,Hyderabad,,,18-06-2025,OP1,Ravi,18-06-2025 13:48,RBHYD180625524
6863f04cde50757c26708012,18221806255251,r,B,Bangalore,,,18-06-2025,OP1,Ravi,18-06-2025 14:08,RBBAN180625525
6863f04cde50757c26708013,18231806255267,r,B,Hyderabad,,,18-06-2025,OP1,Ravi,18-06-2025 13:22,RBHYD180625526
6863f04cde50757c26708014,18211806255272,r,B,Chennai,,,18-06-2025,OP5,Sneha,18-06-2025 12:16,RBCHE180625527
6863f04cde50757c26708015,18211806255281,r,B,Chennai,,,18-06-2025,OP2,Priya,18-06-2025 12:21,RBCHE180625528
6863f04cde50757c26708016,18211806255290,r,B,Chennai,,,18-06-2025,OP3,John,18-06-2025 13:36,RBCHE180625529
6863f04cde50757c26708017,18231806255300,r,B,Hyderabad,,,18-06-2025,OP1,Ravi,18-06-2025 14:20,RBHYD180625530
6863f04cde50757c26708018,18311806255314,r,C,Chennai,,,18-06-2025,OP5,Sneha,18-06-2025 19:29,RCCHE180625531
6863f04cde50757c26708019,18331806255327,r,C,Hyderabad,,,18-06-2025,OP5,Sneha,18-06-2025 19:54,RCHYD180625532
6863f04cde50757c2670801a,18331806255336,r,C,Hyderabad,,,18-06-2025,OP1,Ravi,18-06-2025 18:16,RCHYD180625533
6863f04cde50757c2670801b,18321806255348,r,C,Bangalore,,,18-06-2025,OP3,John,18-06-2025 17:25,RCBAN180625534
6863f04cde50757c2670801c,18321806255357,r,C,Bangalore,,,18-06-2025,OP3,John,18-06-2025 17:53,RCBAN180625535
6863f04cde50757c2670801d,18331806255363,r,C,Hyderabad,,,18-06-2025,OP3,John,18-06-2025 19:29,RCHYD180625536
6863f04cde50757c2670801e,18321806255375,r,C,Bangalore,,,18-06-2025,OP5,Sneha,18-06-2025 17:18,RCBAN180625537
6863f04cde50757c2670801f,18311806255387,r,C,Chennai,,,18-06-2025,OP5,Sneha,18-06-2025 19:17,RCCHE180625538
6863f04cde50757c26708020,18331806255390,r,C,Hyderabad,,,18-06-2025,OP1,Ravi,18-06-2025 18:51,RCHYD180625539
6863f04cde50757c26708021,18311806255402,r,C,Chennai,,,18-06-2025,OP1,Ravi,18-06-2025 17:26,RCCHE180625540
6863f04cde50757c26708022,19121906255414,s,A,Bangalore,,,19-06-2025,OP2,Priya,19-06-2025 10:26,SABAN190625541
6863f04cde50757c26708023,19131906255420,s,A,Hyderabad,,,19-06-2025,OP1,Ravi,19-06-2025 10:52,SAHYD190625542
6863f04cde50757c26708024,19131906255439,s,A,Hyderabad,,,19-06-2025,OP5,Sneha,19-06-2025 08:32,SAHYD190625543
6863f04cde50757c26708025,19131906255448,s,A,Hyderabad,,,19-06-2025,OP2,Priya,19-06-2025 10:03,SAHYD190625544
6863f04cde50757c26708026,19121906255450,s,A,Bangalore,,,19-06-2025,OP1,Ravi,19-06-2025 09:17,SABAN190625545
6863f04cde50757c26708027,19121906255469,s,A,Bangalore,,,19-06-2025,OP4,Anita,19-06-2025 10:10,SABAN190625546
6863f04cde50757c26708028,19131906255475,s,A,Hyderabad,,,19-06-2025,OP5,Sneha,19-06-2025 08:34,SAHYD190625547
6863f04cde50757c26708029,19121906255487,s,A,Bangalore,,,19-06-2025,OP2,Priya,19-06-2025 08:33,SABAN190625548
6863f04cde50757c2670802a,19111906255499,s,A,Chennai,,,19-06-2025,OP3,John,19-06-2025 10:21,SACHE190625549
6863f04cde50757c2670802b,19131906255509,s,A,Hyderabad,,,19-06-2025,OP5,Sneha,19-06-2025 10:06,SAHYD190625550
6863f04cde50757c2670802c,19221906255510,s,B,Bangalore,,,19-06-2025,OP1,Ravi,19-06-2025 13:26,SBBAN190625551
6863f04cde50757c2670802d,19211906255522,s,B,Chennai,,,19-06-2025,OP4,Anita,19-06-2025 14:05,SBCHE190625552
6863f04cde50757c2670802e,19211906255531,s,B,Chennai,,,19-06-2025,OP3,John,19-06-2025 14:29,SBCHE190625553
6863f04cde50757c2670802f,19211906255540,s,B,Chennai,,,19-06-2025,OP2,Priya,19-06-2025 13:35,SBCHE190625554
6863f04cde50757c26708030,19221906255556,s,B,Bangalore,,,19-06-2025,OP5,Sneha,19-06-2025 12:08,SBBAN190625555
6863f04cde50757c26708031,19231906255562,s,B,Hyderabad,,,19-06-2025,OP5,Sneha,19-06-2025 13:01,SBHYD190625556
6863f04cde50757c26708032,19221906255574,s,B,Bangalore,,,19-06-2025,OP5,Sneha,19-06-2025 14:12,SBBAN190625557
6863f04cde50757c26708033,19221906255583,s,B,Bangalore,,,19-06-2025,OP5,Sneha,19-06-2025 14:25,SBBAN190625558
6863f04cde50757c26708034,19231906255599,s,B,Hyderabad,,,19-06-2025,OP5,Sneha,19-06-2025 13:18,SBHYD190625559
6863f04cde50757c26708035,19231906255605,s,B,Hyderabad,,,19-06-2025,OP2,Priya,19-06-2025 13:22,SBHYD190625560
6863f04cde50757c26708036,19311906255619,s,C,Chennai,,,19-06-2025,OP1,Ravi,19-06-2025 18:43,SCCHE190625561
6863f04cde50757c26708037,19331906255622,s,C,Hyderabad,,,19-06-2025,OP5,Sneha,19-06-2025 17:48,SCHYD190625562
6863f04cde50757c26708038,19331906255631,s,C,Hyderabad,,,19-06-2025,OP5,Sneha,19-06-2025 18:01,SCHYD190625563
6863f04cde50757c26708039,19311906255646,s,C,Chennai,,,19-06-2025,OP3,John,19-06-2025 19:37,SCCHE190625564
6863f04cde50757c2670803a,19311906255655,s,C,Chennai,,,19-06-2025,OP1,Ravi,19-06-2025 19:02,SCCHE190625565
6863f04cde50757c2670803b,19331906255668,s,C,Hyderabad,,,19-06-2025,OP4,Anita,19-06-2025 17:32,SCHYD190625566
6863f04cde50757c2670803c,19331906255677,s,C,Hyderabad,,,19-06-2025,OP2,Priya,19-06-2025 19:47,SCHYD190625567
6863f04cde50757c2670803d,19311906255682,s,C,Chennai,,,19-06-2025,OP4,Anita,19-06-2025 18:03,SCCHE190625568
6863f04cde50757c2670803e,19331906255695,s,C,Hyderabad,,,19-06-2025,OP1,Ravi,19-06-2025 17:17,SCHYD190625569
6863f04cde50757c2670803f,19311906255707,s,C,Chennai,,,19-06-2025,OP1,Ravi,19-06-2025 19:47,SCCHE190625570
6863f04cde50757c26708040,20132006255714,t,A,Hyderabad,,,20-06-2025,OP5,Sneha,20-06-2025 10:48,TAHYD200625571
6863f04cde50757c26708041,20132006255723,t,A,Hyderabad,,,20-06-2025,OP1,Ravi,20-06-2025 10:11,TAHYD200625572
6863f04cde50757c26708042,20132006255732,t,A,Hyderabad,,,20-06-2025,OP2,Priya,20-06-2025 08:58,TAHYD200625573
6863f04cde50757c26708043,20112006255747,t,A,Chennai,,,20-06-2025,OP1,Ravi,20-06-2025 09:57,TACHE200625574
6863f04cde50757c26708044,20122006255753,t,A,Bangalore,,,20-06-2025,OP5,Sneha,20-06-2025 09:20,TABAN200625575
6863f04cde50757c26708045,20132006255769,t,A,Hyderabad,,,20-06-2025,OP1,Ravi,20-06-2025 08:35,TAHYD200625576
6863f04cde50757c26708046,20122006255771,t,A,Bangalore,,,20-06-2025,OP2,Priya,20-06-2025 09:08,TABAN200625577
6863f04cde50757c26708047,20132006255787,t,A,Hyderabad,,,20-06-2025,OP1,Ravi,20-06-2025 08:37,TAHYD200625578
6863f04cde50757c26708048,20122006255799,t,A,Bangalore,,,20-06-2025,OP3,John,20-06-2025 08:22,TABAN200625579
6863f04cde50757c26708049,20132006255802,t,A,Hyderabad,,,20-06-2025,OP4,Anita,20-06-2025 09:48,TAHYD200625580
6863f04cde50757c2670804a,20212006255816,t,B,Chennai,,,20-06-2025,OP4,Anita,20-06-2025 13:32,TBCHE200625581
6863f04cde50757c2670804b,20232006255829,t,B,Hyderabad,,,20-06-2025,OP5,Sneha,20-06-2025 12:37,TBHYD200625582
6863f04cde50757c2670804c,20222006255831,t,B,Bangalore,,,20-06-2025,OP5,Sneha,20-06-2025 14:33,TBBAN200625583
6863f04cde50757c2670804d,20212006255843,t,B,Chennai,,,20-06-2025,OP2,Priya,20-06-2025 12:46,TBCHE200625584
6863f04cde50757c2670804e,20212006255852,t,B,Chennai,,,20-06-2025,OP3,John,20-06-2025 13:07,TBCHE200625585
6863f04cde50757c2670804f,20232006255865,t,B,Hyderabad,,,20-06-2025,OP4,Anita,20-06-2025 13:32,TBHYD200625586
6863f04cde50757c26708050,20212006255870,t,B,Chennai,,,20-06-2025,OP1,Ravi,20-06-2025 12:27,TBCHE200625587
6863f04cde50757c26708051,20232006255883,t,B,Hyderabad,,,20-06-2025,OP2,Priya,20-06-2025 12:20,TBHYD200625588
6863f04cde50757c26708052,20222006255895,t,B,Bangalore,,,20-06-2025,OP1,Ravi,20-06-2025 12:00,TBBAN200625589
6863f04cde50757c26708053,20232006255908,t,B,Hyderabad,,,20-06-2025,OP4,Anita,20-06-2025 12:48,TBHYD200625590
6863f04cde50757c26708054,20332006255916,t,C,Hyderabad,,,20-06-2025,OP2,Priya,20-06-2025 17:52,TCHYD200625591
6863f04cde50757c26708055,20322006255928,t,C,Bangalore,,,20-06-2025,OP2,Priya,20-06-2025 18:35,TCBAN200625592
6863f04cde50757c26708056,20332006255934,t,C,Hyderabad,,,20-06-2025,OP5,Sneha,20-06-2025 18:48,TCHYD200625593
6863f04cde50757c26708057,20332006255943,t,C,Hyderabad,,,20-06-2025,OP1,Ravi,20-06-2025 19:08,TCHYD200625594
6863f04cde50757c26708058,20322006255955,t,C,Bangalore,,,20-06-2025,OP1,Ravi,20-06-2025 19:41,TCBAN200625595
6863f04cde50757c26708059,20322006255964,t,C,Bangalore,,,20-06-2025,OP1,Ravi,20-06-2025 19:23,TCBAN200625596
6863f04cde50757c2670805a,20312006255976,t,C,Chennai,,,20-06-2025,OP1,Ravi,20-06-2025 17:11,TCCHE200625597
6863f04cde50757c2670805b,20312006255985,t,C,Chennai,,,20-06-2025,OP3,John,20-06-2025 17:51,TCCHE200625598
6863f04cde50757c2670805c,20322006255991,t,C,Bangalore,,,20-06-2025,OP3,John,20-06-2025 18:10,TCBAN200625599
6863f04cde50757c2670805d,20332006256003,t,C,Hyderabad,,,20-06-2025,OP4,Anita,20-06-2025 18:48,TCHYD200625600
